run,agent_id,model,role,uncached_input_tokens,cache_creation_input_tokens,cache_read_input_tokens,total_input_tokens,output_tokens,l3_output
generation,a00364abfac9a6c14,claude-haiku-4-5-20251001,l3_generation,3,519,16013,16535,466,"Dis qstn refers 2 d folwing info. Bc no Ppl can b truly hpy, tho undr d grtst Enj of Civil Libs, if abrgd of d Frdom of dere Cons, as 2 dere Relgs Prof n Wrshp: N Almty God being d only Lord of Cons, Fathr of Lghts n Sprts; n d Auth as well as Obj of all dvne Kwldg, Fath n Wrshp, who only doth enln d Mds, n prswd n cnvc d Undstg of Ppl, I do heby grt n decl, Dat no Prsn or Prsns, inhbtng in dis Provn or Trrys, who shll cnfs n aknwldg One almty God, d Crtr, Upldr n Rulr of d Wrld; n profs him or thmsls obld 2 live qltly undr d Civil Govt, shll b in any Case mltd or prjdd, in his or dere Prsn or Est, bc of his or dere cnscns Prsn or Prctnc, nor b cmpld 2 freq or mtn any relgs Wrshp, Plce or Mntry, cntrry 2 his or dere Mnd.… —William Penn, Chrtr of Prvlgs Grtd by William Penn, esq. 2 d Inhtns of Pennsyvna n Trrys, Octbr 28, 1701 Bc of Penn's Chrtr of Prvlgs, Pennsyvna became</parameter> </invoke>"
generation,a03b21009d0df3603,claude-haiku-4-5-20251001,l3_generation,3,2083,12939,15025,97,Ms. Perez drove a total of 40 miles in 5 days. She drove d same number of miles each day. How many miles did Ms. Perez drive each day?
generation,a056aac60e708e0c4,claude-haiku-4-5-20251001,l3_generation,3,2142,12939,15084,167,Text abbreviation - shorten words while maintaining readability
generation,a0a398bc81c4faeb5,claude-haiku-4-5-20251001,l3_generation,3,2053,12939,14995,90,An imprtnt src of info on d credit rating of retail bizes is
generation,a0a4b8aee0acc9881,claude-haiku-4-5-20251001,l3_generation,3,2056,12939,14998,101,D main factor prevtng subsistence econs frm advcing econ is d lack of
generation,a0a693971bfcc92b7,claude-haiku-4-5-20251001,l3_generation,3,2055,12939,14997,84,A valid disjunctive syllogism has a major premise dat:
generation,a0b864bfe2e2fe669,claude-haiku-4-5-20251001,l3_generation,3,2060,12939,15002,94,Wch of the following factors is assoc w/ a decr risk of Alzheimer's?
generation,a0e485ffb7500738d,claude-haiku-4-5-20251001,l3_generation,3,2052,12939,14994,78,The greatest Egyptian pyramids at Giza were built:
generation,a11dfcbb85747c5ac,claude-sonnet-4-6,l3_generation,0,0,0,0,0,
generation,a124b6be5f31c7f4b,claude-haiku-4-5-20251001,l3_generation,3,15009,0,15012,222,"Bsed on d charc pop curves dat result frm plttng pop growth of a spcies, d most efctv means of cntrlng d mosqto pop is 2"
generation,a143d9b72a42aef29,claude-haiku-4-5-20251001,l3_generation,3,2087,12939,15029,133,Statement 1| Linear regr. estimator has d smallest var. among all unbiased estimators. Statement 2| D coeffs. α assigned 2 d classifiers assembled by AdaBoost r always non-neg.
generation,a1475e00da70bbcde,claude-haiku-4-5-20251001,l3_generation,3,2098,12939,15040,420,Int c is a com divsor of two ints x n y if n only if c is a divsor of x n c is a divsor of y. Wch of d foll'ing sets of ints cud poss. b d set of all com divsors of two ints?
generation,a15c0e42cf1749499,claude-haiku-4-5-20251001,l3_generation,3,2073,12939,15015,88,"D len of a rect is twice its width. Given d len of d diag is $5\sqrt{5}$, find d area of d rect."
generation,a174fd394ee15037a,claude-haiku-4-5-20251001,l3_generation,3,556,15002,15561,78,"Wut is true 4 a type-Ia (""type one-a"") supernova?"
generation,a18749fa90a74d50d,claude-haiku-4-5-20251001,l3_generation,6,118,15001,15125,5,A lesion causing compression of the facial nerve at the stylomastoid foramen will cause ipsilateral
generation,a19614a0b2f4c3cef,claude-haiku-4-5-20251001,l3_generation,3,2160,12939,15102,184,Abbreviated text with common words shortened while preserving readability
generation,a1eaca00a43281ea7,claude-haiku-4-5-20251001,l3_generation,3,2053,12939,14995,86,"Abbreviate text: According 2 Piaget, children r ___________."
generation,a1f5dcb714d0cee65,claude-haiku-4-5-20251001,l3_generation,3,2064,12939,15006,80,D tendency 4 a pop. 2 continue 2 grow long after replacement fertility has bn achieved is called
generation,a20985b12d267d203,claude-haiku-4-5-20251001,l3_generation,3,2052,12939,14994,66,Can environmental changes be reconciled with national security interests?
generation,a20becb3a5cbce8b0,claude-haiku-4-5-20251001,l3_generation,3,2076,12939,15018,638,_____________is an imprtnt elem in d comm proc. It recog dat succsfl comms r mor lkly 2 b achvd if d src n d rcvr undstnd each othr.
generation,a24198f0882bc529b,claude-haiku-4-5-20251001,l3_generation,3,2162,12939,15104,897,"Abbreviated text with words shortened while preserving words of 4 characters or fewer, proper nouns, numbers, and answer choices"
generation,a2492a252047b47ba,claude-haiku-4-5-20251001,l3_generation,3,2080,12939,15022,143,Maine's famous aphorism dat 'd mvmnt of progressive societies has hitherto bn a mvmnt frm Status 2 Contract' is often misunderstood. In wut way?
generation,a2740db18a066c04f,claude-haiku-4-5-20251001,l3_generation,3,2058,12939,15000,114,Wch of d fllwng stmnts does NOT accrtly desc vtng bhvr in d United States?
generation,a29a7ec3b3a2a1462,claude-haiku-4-5-20251001,l3_generation,3,2062,12939,15004,95,A 10-N force at an angle 45° above horizontal has a horizontal component of abt
generation,a29b16963e8a6f795,claude-haiku-4-5-20251001,l3_generation,6,3848,15479,19333,394,Jst war thry's prin of mil ncsty blngs 2
generation,a2fada8723c9bc7c0,claude-haiku-4-5-20251001,l3_generation,3,371,15126,15500,85,Sel best trans into pred log. David tchs Chris. (c: Chris; d: David; Txy: x tchs y)
generation,a338a30dc978748cc,claude-haiku-4-5-20251001,l3_generation,2,2065,12939,15006,371,Wch fds tend 2 b consd in lwr qtys in Wales n Scotland (as of 2020)?
generation,a33979670441775db,claude-haiku-4-5-20251001,l3_generation,3,2047,12939,14989,69,London dispersion forces are caused by
generation,a344e3189265193d6,claude-haiku-4-5-20251001,l3_generation,3,273,14993,15269,79,Hw many hmn polyomaviruses r kn at pres?
generation,a35ebe8f42e52d591,claude-haiku-4-5-20251001,l3_generation,3,15019,0,15022,359,"Typical adv reg bodies suggest, 4 example dat adverts must not: encge _________, cause unnec ________ or _____, n must not cause _______ offence."
generation,a36476d6899a21b45,claude-haiku-4-5-20251001,l3_generation,3,2051,12939,14993,233,Aesth. deals w/ objects dat are _____.
generation,a38109347e123b598,claude-haiku-4-5-20251001,l3_generation,3,2096,12939,15038,386,"In a pop of giraffes, an envir change occurs dat favors indiv dat r tallest. As a result, mor of d taller indiv r able 2 obtain nut n surv 2 pass along dere gen info. Dis is an ex of"
generation,a38557aba3e4b96de,claude-haiku-4-5-20251001,l3_generation,3,2112,12939,15054,1,"Abbreviated text with words shortened where possible while maintaining readability, preserving proper nouns, numbers, and answer choice structure."
generation,a3a54d2458417d0c9,claude-haiku-4-5-20251001,l3_generation,3,2180,12939,15122,214,Text abbreviation with medical terminology shortened while preserving readability
generation,a3d0bc385ab8d28f8,claude-haiku-4-5-20251001,l3_generation,3,254,14992,15249,26,Stdy of oldr adlts n agng is refrd 2 as
generation,a3fdcf1d839d32c2a,claude-haiku-4-5-20251001,l3_generation,3,14988,0,14991,272,D key attr. in succ. mrn. run. is:
generation,a43524e35091a1a8c,claude-haiku-4-5-20251001,l3_generation,3,2052,12939,14994,67,D Barkhausen criterion 4 an oscillator
generation,a446e5acef5beee77,claude-haiku-4-5-20251001,l3_generation,3,14991,0,14994,80,"A ""dished face"" profile is often assoc. w/"
generation,a4524da401229e066,claude-haiku-4-5-20251001,l3_generation,6,145,14990,15141,133,Wut is d meaning of justiciability?
generation,a4a49b6277bc80ab5,claude-haiku-4-5-20251001,l3_generation,3,2082,12939,15024,284,"Plts of a capstr r chrgd 2 a pot diff of 5 V. If d capacnc is 2 mF, wut is d chrg on d pos plt?"
generation,a4ac9a8be88f696e8,claude-haiku-4-5-20251001,l3_generation,3,2101,12939,15043,114,"Let k be the number of real solutions of the equation e^x + x - 2 = 0 in the interval [0, 1], and let n be the number of real solutions that are not in [0, 1]. Which of the following is true?"
generation,a4b3d2c9d29614d76,claude-haiku-4-5-20251001,l3_generation,3,2051,12939,14993,404,AIDS actism in d U.S. reslted in:
generation,a4d5cd64551c8a32e,claude-haiku-4-5-20251001,l3_generation,3,2060,12939,15002,75,Let x = 1. Wht is x << 3 in Python 3?
generation,a4e0cfa11ef1928a8,claude-sonnet-4-6,other,1,121,17696,17818,58,
generation,a4eb2726899f82f49,claude-haiku-4-5-20251001,l3_generation,3,2058,12939,15000,79,Wch of d fllwing methods of dtctg breast cancer invls exp 2 radiation?
generation,a557b63108295084a,claude-haiku-4-5-20251001,l3_generation,3,2066,12939,15008,110,Carbon has an atmc radius of 77 pm and a first ionzn energy of 1086 kJ/mol.
generation,a56ab03f3d06c6581,claude-haiku-4-5-20251001,l3_generation,3,2069,12939,15011,579,Wch of d chgs blo follo d start codon in an mRNA wud most lkly hav d grt del efx?
generation,a5779c47752075f98,claude-haiku-4-5-20251001,l3_generation,2,286,15179,15467,159,"4 whch of these two scns does d main char (who uses I/me/my) do smth clrly morly wrng, accrd 2 ordry morl stds in d US as of 2020? Scno 1 | I smmd on my brks 2 miss d ball as it came in 2 d road. Scno 2 | I taght my chldn 2 play d xylo."
generation,a5934c7aa1d2e1e96,claude-haiku-4-5-20251001,l3_generation,3,695,15027,15725,115,"Crypto such as bitcoin r becoming increasingly mainstream n hav a whole host of assoc ethical implcns, 4 example, they are energy-intensive n mor destructive. However, they hav also bn used 2 engage in illegal activity."
generation,a596bcc3c9b5b0359,claude-haiku-4-5-20251001,l3_generation,3,2060,12939,15002,354,Abbreviated text with words over 4 characters shortened while preserving understandability
generation,a5bb4556aa976692e,claude-haiku-4-5-20251001,l3_generation,3,2047,12939,14989,217,Abbreviated text: Mass-society theo. sugsts dat:
generation,a5cf185eb33d01f88,claude-haiku-4-5-20251001,l3_generation,3,15006,0,15009,81,"Find deg degree 4 deg given field ext Q(sqrt(2), sqrt(3), sqrt(18)) over Q."
generation,a5db5113cfccfe7e1,claude-haiku-4-5-20251001,l3_generation,3,2068,12939,15010,461,Wch of d foll best desc d bal d Supreme Court has strk btwn d estab cls n d free-exercise cls?
generation,a61b146d262afb319,claude-haiku-4-5-20251001,l3_generation,3,441,15341,15785,389,"Dis qstn refs 2 d fllwng info. Gnpwdr Wepnry: Erp vs. Chna In Wstrn Erp drng d 1200s thru d 1400s, erly cnnns, as hvy n as slow 2 fire as thy wre, pvd usfl engh in d prtctd siges dat dmnted wrfre drng dis prd dat gvrnmnts fnd it suffc wthwhl 2 pay 4 dem n 4 d exprm dat evntly prdcd gnpwdr wpns dat wre both mor pwrfl n easir 2 move. By cntst, Chna, esply aftr d mid-1300s, was thrtnd mnly by hghly mobl stppe nmds, agnst whom erly gnpwdr wpns, w/ dere unwldy, pvd of lttle util. It thfr dvtd its effts 2 d imprv of hors archr unts who cud efctly cmbt d cntry's dedly foe. D argmt in dis pssg most clsly rlts 2 wch of d fllwng lrg-scl qstns abt glbl hist?"
generation,a6302e4e0a739141d,claude-haiku-4-5-20251001,l3_generation,3,349,15007,15359,91,Wch of d fol stys of fuzz is mor likly 2 expl pths covr evry line of code in d fol prog?
generation,a634ad5d8b2d94e8c,claude-haiku-4-5-20251001,l3_generation,3,2053,12939,14995,115,Wut is d struct of d United Nations Sec'y Council?
generation,a6931dc303ce810fc,claude-haiku-4-5-20251001,l3_generation,3,593,15005,15601,82,"4 Socrates, an unexamined life is a trag bc it results in griev harm 2 _."
generation,a6ae1e56e66e36984,claude-haiku-4-5-20251001,l3_generation,3,2128,12939,15070,181,"D wt of an aspirin tablet is 300 mg acc to d bottle label. An FDA invstgtr weighs a simple rndm sample of seven tablets, obtains wts of 299, 300, 305, 302, 299, 301, n 303, n runs a hyp test of d mfr's claim. Wch of d foll gives d P-val of dis test?"
generation,a6b0174c1170e39ba,claude-haiku-4-5-20251001,l3_generation,3,2062,12939,15004,87,"In Pyn 3, wch of d fllwng fctn cnvrt a strng 2 an int in pyn?"
generation,a6fe7f974cfd5af4d,claude-haiku-4-5-20251001,l3_generation,3,2061,12939,15003,73,Naturalists who concentrated on natural elements and processes are associated with which of the following?
generation,a7073e302b398bfec,claude-haiku-4-5-20251001,l3_generation,3,2212,12939,15154,271,"Dis q refers 2 d foll info. No task is mor urgent dan dat of presrv peace. W/o peace our indep means ltl. D rehab n upbldg of our ctries will hav ltl meaning. Our revs will not b alwd 2 run dere course. Wut can we do? We can do much! We can inj d voice of reason into world aff. We can mob all d spir, all d mor, all d pol str of Asia n Africa on d side of peace. Yes, we! We, d pples of Asia n Africa, 1.4 billion strong. Indon ldr Sukarno, keynote addr 2 d Bandung Conf, 1955 D psg above is most assoc w/ wch of d foll devs?"
generation,a72e8ca87d6177d0c,claude-haiku-4-5-20251001,l3_generation,3,277,14991,15271,66,Wut can murtis b trans.?
generation,a758481227a187620,claude-haiku-4-5-20251001,l3_generation,3,383,15003,15389,80,Infrared (IR) spectroscopy is useful 4 determining certain aspects of the structure of organic molecs bc
generation,a7a134f8f69429d2d,claude-haiku-4-5-20251001,l3_generation,6,149,15041,15196,65,"White light is normally incident on a puddle of water (index of refraction 1.33). A thin (500 nm) layer of oil (index of refraction 1.5) floats on the surface of the puddle. Of the following, the most strongly reflected wavelength is"
generation,a7b01d7669c8e75e7,claude-haiku-4-5-20251001,l3_generation,3,409,15000,15412,102,Potentiomtr mtd of DC voltge measrmnt is more accrat thn direct measrmnt usg a voltmtr bc
generation,a7b1715fa8c76bf5a,claude-haiku-4-5-20251001,l3_generation,3,2120,12939,15062,180,"4 which of these two scnos does d main char (who uses I/me/my) do smth clrly mrly wrong, accd 2 ordy morl stds in d US as of 2020? Scno 1 | I spoke 2 my mom on d phne during my entr work shift. Scno 2 | I helped my frnd escp prsn."
generation,a815b5222b431985e,claude-haiku-4-5-20251001,l3_generation,3,2051,12939,14993,69,D ecol appr 2 urban soc invol studying:
generation,a81edf3ad499df2ce,claude-haiku-4-5-20251001,l3_generation,3,2091,12939,15033,127,"In prep 4 a writing unit on short stories, a teacher presents students w/ several examples of short stories n works w/ dem 2 identify defining chars of d genre. Wch of d following best describes dis instr strategy?"
generation,a82e0b42ebe71f64c,claude-haiku-4-5-20251001,l3_generation,3,2052,12939,14994,107,D access mtrx apprch 2 protctn has d diffcty dat
generation,a8947f64c0bbcd2cd,claude-haiku-4-5-20251001,l3_generation,3,2091,12939,15033,137,Statement 1| RoBERTa pretrans on a corpus dat is approx 10x larger dan d corpus BERT pretrans on. Statement 2| ResNeXts in 2018 usually used tanh actvtn fns.
generation,a8b1b9b7eb418e76c,claude-haiku-4-5-20251001,l3_generation,3,2056,12939,14998,122,Who set d world record 4 d mile race in 1886?
generation,a8bb6f85d8a07109b,claude-haiku-4-5-20251001,l3_generation,3,2171,12939,15113,178,Abbreviate text to shorter forms while preserving readability
generation,a8cb578cc3d0a3d86,claude-haiku-4-5-20251001,l3_generation,3,2054,12939,14996,239,"Acc. 2 Mill, cens. speech dat is poss. true"
generation,a8eb351ab31471bc2,claude-haiku-4-5-20251001,l3_generation,3,2063,12939,15005,451,Wut is d term 4 a sub-opt but accept outcome of negots btwn parties?
generation,a91e31ae1d5e14cf2,claude-haiku-4-5-20251001,l3_generation,3,15011,0,15014,110,Wut size of cannula wd u use in a pt who needed rapid blood transfusion (as of 2020 med knowledge)?
generation,a928da80d4e256889,claude-sonnet-4-6,other,1,10293,38283,48577,24792,
generation,a94a1602a84686d1f,claude-haiku-4-5-20251001,l3_generation,3,2106,12939,15048,574,Arno Co. did not rec'd a cred purch of merch made prior 2 year end. Howev d merch was corr incl in d year-end phys inv. Wut eff did d omit of rptg d purch of merch hav on Arno's bal sheet at year end? Assets Liabilities
generation,a979a7a7e0f83a52a,claude-haiku-4-5-20251001,l3_generation,3,2254,12939,15196,396,Abbreviated text with words shortened where understandable
generation,a990edf981860d599,claude-haiku-4-5-20251001,l3_generation,3,2126,12939,15068,180,Wch of d following is incl in U.S. GDP? I. D mkt val of movs made in Afr by U.S. ctzns II. D mkt val of olv oil made in Ity n sold in d Utd Sts. III. D mkt val of blue jeans made in d Utd Sts n sold in Jpn IV. D mkt val of wine made in d Utd Sts by Cda ctzns
generation,a9ca3c168fef9cb4e,claude-haiku-4-5-20251001,l3_generation,3,2056,12939,14998,89,Wch of d following best describes d fallacy of style over subst?
generation,a9d7dc1a7d6feb6c8,claude-haiku-4-5-20251001,l3_generation,3,15219,0,15222,416,"Abbreviated text with words shortened where understood, proper nouns and short words (4 chars or fewer) preserved"
generation,a9e26c463452599e8,claude-haiku-4-5-20251001,l3_generation,7,125,15213,15345,314,"Abbreviated medical text reducing longer words while preserving proper nouns, numbers, and structure"
generation,aa0e0ea6889ba3e46,claude-haiku-4-5-20251001,l3_generation,2,2066,12939,15007,112,"In wch one of d fllwng circumstances will d prevalence of a disease in d popln increase, all else being const?"
generation,aa44931afa489ede1,claude-haiku-4-5-20251001,l3_generation,3,15008,0,15011,83,If u kno both d actual brightness of an object n its apparent brightness frm ur location then w/ no other info u can est:
generation,aa54a6a2f33bf89bc,claude-haiku-4-5-20251001,l3_generation,3,15017,0,15020,114,"Let p = (1, 2, 5, 4)(2, 3) in S_5. Find d idx of <p> in S_5."
generation,aaa1d23457b199809,claude-haiku-4-5-20251001,l3_generation,3,2064,12939,15006,84,"As of 2016, abt wht pct of adlts aged 18 yrs or oldr were overwt?"
generation,aad26b897f82dbc6d,claude-haiku-4-5-20251001,l3_generation,3,2087,12939,15029,136,"D price of labor is $2, n d price of capital is $1. D marginal prod of labor is 200, n d marginal prod of capital is 50. Wut shud d firm do?"
generation,aae6af78279857c57,claude-haiku-4-5-20251001,l3_generation,7,134,15154,15295,489,"A polic offic cares out hunds of traff stops evry year. Wen his super is revew d offic's recds 4 d past year, he notis dat d offic is equly likey 2 stop ppl of varis gends, ages, n races. Howev, he is signf more likey 2 write tikts 4 midl-aged white males w/ dark hair n eyes. Wen confr w/ dis fact, d offic truth stats dat he has no idea y dat is, n dat it must simpl b a coinci. Unbek 2 d offic, dis behav is tied 2 d fact dat thes men look like his fathe, w/ whom he had an abusv relat as a child. Wut psych frame wud direc addres d uncns bias in his behav?"
generation,aaed00270ef2d4d6b,claude-haiku-4-5-20251001,l3_generation,3,2244,12939,15186,1160,"Dis qstn refers 2 d fllwing info. ""D far-rchng, d bndlss futr will b d era of Amrcn grtns. In its magnfcnt domn of space n time, d natn of many natns is destnd 2 mnfst 2 mnknd d excllnc of dvn prnc; 2 estbl on erth d nblst tmpl ever ddctd 2 d wrshp of d Most High—d Sacrd n d True. Its floor shall b a hemsphr—its roof d frmnt of d star-studd hvns, n its congr a Unon of many Rpblcs, cmprsng hndds of hppy mllns, callng, ownng no man mastr, but gvnd by God's natrl n mrl law of eqlty, d law of brthrhood—of 'pce n gud will amngs men.'"" John L. O'Slvan, ""D Grt Natn of Futurity,"" 1839 By wut means did d Untd Sttes take psssn of d Orgn Trrty?"
generation,ab1e5acabedc877b3,claude-haiku-4-5-20251001,l3_generation,3,2085,12939,15027,145,"Up 2 isomorphism, hw many add abelian grps G of order 16 hav d prop dat x + x + x + x = 0 4 ea x in G ?"
generation,ab33ae2ed85f198fe,claude-haiku-4-5-20251001,l3_generation,3,2108,12939,15050,441,"D wtng tms 4 a new rollr coastr ride r normly distrd w/ a mean of 35 mins n a std devtn of 10 mins. If dere r 150,000 rdrs d first sumr, wch of d fllwng is d shorst time intrvl assctd w/ 100,000 rdrs?"
generation,ab5fdea7e4608f670,claude-haiku-4-5-20251001,l3_generation,3,2056,12939,14998,105,"Unlk most othr erly civlzns, Mnoan cultr shws ltl evdnc of:"
generation,ab5ffdff7aabcdcd9,claude-haiku-4-5-20251001,l3_generation,3,2048,12939,14990,551,"Abbreviate text according to rules: shorten words >4 characters, keep proper nouns/numbers/answer choices"
generation,aba5114d6d85331c9,claude-haiku-4-5-20251001,l3_generation,6,232,15015,15253,476,"Abbreviate text by shortening words longer than 4 characters while preserving proper nouns, numbers, and answer choices"
generation,aba5dbafb50b9c511,claude-haiku-4-5-20251001,l3_generation,3,608,15378,15989,335,"A state statute provides: ""Whnevr a prsn knows or shud know that he (or she) is being arrestd by a police officer, it is the duty of such prsn to refrain from using force or any weapon in resistng arrest."" Violtn of the statute is made punshbl by fine and/or imprisnmnt. One mornng, there was a bank robbery in the state. That afternon, a police officer arrestd a suspect who he believed was involvd in the crime. Howevr, the police officer and the suspect have given diffnt accts concernng what happend next. Accrdng to the police officer, after the suspect was apprehd, he resistd arrest and hit the police officer in the mouth with his fist. The police officer, who was momentlly stunnd, pulled out his nighstck and struck the suspect over the head with it. On the other hand, the suspect claimd that after he was arrestd, he cursed at the policmn, whereupn the police officer began hitting the suspect with his nighstck. To avoid being hit again, the suspect hit the police officer with his fist, knockng him down. The suspect was charged with asslt. The suspect shud be found"
generation,ac2e7b009a673a581,claude-haiku-4-5-20251001,l3_generation,3,2057,12939,14999,72,Wut is d val of p in 24 = 2p?
generation,ac980a90e6ebeac22,claude-haiku-4-5-20251001,l3_generation,3,2053,12939,14995,279,In a Robertsonian translcn fus. occ. at d:
generation,acfae5c5d5553c861,claude-haiku-4-5-20251001,l3_generation,3,2067,12939,15009,113,Wch of these qty decreases as d inv sq of dist 4 dist far frm d objs prod d flds?
generation,ad0f02fd7d36f0c21,claude-haiku-4-5-20251001,l3_generation,3,2077,12939,15019,99,"D quantum effcy of a photon detctr is 0.1. If 100 photons r sent into d detctr, one after d other, d detctr will detect photons"
generation,ad4806ea725b7a545,claude-haiku-4-5-20251001,l3_generation,3,2069,12939,15011,392,Wch stmt best expl d purp of Hart's distn btwn 'bg oblig' n 'hvg an oblig'?
generation,ad98c9f670305e3e8,claude-sonnet-4-6,l3_generation,1,184,28545,28730,124,
generation,adc4d9f1f428c6246,claude-haiku-4-5-20251001,l3_generation,3,2050,12939,14992,103,Delusions of grandeur r most char. of
generation,ae00bb1bab0f2fe05,claude-haiku-4-5-20251001,l3_generation,3,2058,12939,15000,83,Which of the following statements expresses a relationship between aging and sexual functioning
generation,ae039876158f7c48b,claude-haiku-4-5-20251001,l3_generation,3,2148,12939,15090,282,"Text abbreviation completed - shortened words over 4 characters while preserving proper nouns, numbers, and readability."
generation,ae1af414e358fa5eb,claude-haiku-4-5-20251001,l3_generation,3,2063,12939,15005,388,Wut is d term 4 d 'rule of thm' type of bias in decis. mkng?
generation,ae2d79f2c48324327,claude-haiku-4-5-20251001,l3_generation,3,2059,12939,15001,355,Wch cmn pub relns tac invlvs sndng jrnlsts on vsts 2 appr lcns?
generation,ae4127c4fec42a636,claude-haiku-4-5-20251001,l3_generation,3,2058,12939,15000,90,Wch of these principles is not an element of the responsibility 2 protect?
generation,ae5efd9d5ddbe9b68,claude-haiku-4-5-20251001,l3_generation,3,2057,12939,14999,82,Abbreviated text with jurisdiction shortened to juris
generation,ae6a5c136751a69ec,claude-haiku-4-5-20251001,l3_generation,3,224,14990,15217,72,A compl. submerg. obj. alw. displac. its own
generation,aee05c2bd7460ec1e,claude-haiku-4-5-20251001,l3_generation,3,2059,12939,15001,328,Hier. of efx or seq. model used 2 expl. hw adv. works:
generation,aeeb6486b14b55886,claude-haiku-4-5-20251001,l3_generation,5,289,39465,39759,334,A frameshift mutation is created wen
generation,aef5f962d9114fb97,claude-haiku-4-5-20251001,l3_generation,3,15004,0,15007,105,"D rate, r, of a zero-order chem rxn A → B can b expd as wch of d foll?"
generation,af207f4c71c6cb1b9,claude-haiku-4-5-20251001,l3_generation,3,2053,12939,14995,68,Marg rev = marg cost at d pt whr
generation,af28bdc66de0f66fc,claude-haiku-4-5-20251001,l3_generation,3,349,14994,15346,73,"D rgns of d body dat, wen tched, r sexually excitg:"
generation,af2da971cbe9c3e6b,claude-haiku-4-5-20251001,l3_generation,3,2055,12939,14997,70,Wut was d significance of d Gulf of Tonkin resolution?
generation,af561921d1c3aeaed,claude-haiku-4-5-20251001,l3_generation,3,2074,12939,15016,86,Wut was GDP per capita in d US in 1850 when adj 4 inflation n PPP in 2011 prices?
generation,af80f339e332e83e6,claude-haiku-4-5-20251001,l3_generation,3,2077,12939,15019,629,Supp. dat an expan. fisc. policy leads 2 a large incr. in real output n a small incr. in d price level. Frm dis it can b infer. dat
generation,afe6549579730aeac,claude-haiku-4-5-20251001,l3_generation,3,2054,12939,14996,70,Zn finger proteins n helix-turn-helix proteins r
fix,a0462789fa4a122c1,claude-haiku-4-5-20251001,l3_generation,3,15195,0,15198,604,"If a pent P w/ verts at (– 2, – 4), (– 4, 1), (–1, 4), (2, 4), n (3, 0) is reflctd acrs d line y = x 2 get a new pent, P′, den one of d verts of P′ is"
fix,a18a1ba055a505d71,claude-haiku-4-5-20251001,l3_generation,3,15361,0,15364,364,"Dis qstn refs 2 d fllwg info. In ordr 2 make d title of dis discse genly intlg, I hav trns d term ""Prtplsm,"" wch is d scien name of d subst of wch I am abt 2 spk, by d words ""d phys basis of life."" I supp dat, 2 many, d idea dat dere is such a thng as a phys basis, or matr, of life may b novl—so widely sprd is d concep of life as smth wch works thru matr. … Thus d matr of life, so far as we kno it (n we hav no rite 2 specl on any othr), breaks up, in conseq of dat contl deth wch is d cond of its manif vitl, into carbx acid, watr, n nitrog compounds, wch certy possess no props but tose of ordry matr. Tomas Henry Huxly, ""D Phys Basis of Life,"" 1868 Frm d psgge, one may infr dat Huxly argd dat ""life"" was"
fix,a27dc31d54fbf5e2e,claude-haiku-4-5-20251001,l3_generation,3,15157,0,15160,399,Wut is d main diff btwn d Dickey Fuller (DF) n Phillips-Perron (PP) apprches 2 unit root testng?
fix,a285ba50e18c3bf49,claude-haiku-4-5-20251001,l3_generation,3,2405,12950,15358,307,"A 67-yr-old woman comes 2 d physician 4 a follow-up exam. She had a pulm emb n required treat in d hosp 4 3 weeks. She had a retroper hemor; anticoag therapy was temp disc, n she undwent place of an inf vena cava (IVC) filter. She had a hemat dat was resolv on disc frm d hosp 2 weeks ago. Today, she says she has had a persist sensa of tingl n numbness of her left thigh dat she did not report in d hosp bc she thought it wud go away; d sensa has imprvd somewhat during d past week. Her only medic is warfarin. Vital signs r within normal limits. Exam of d skin shows no abnor. Muscle strength is normal. Sensa 2 lite touch is decr over a 5 x 5-cm area on d lateral aspect of d left ant thigh. Wch of d follow is d most likely cause of dis patient's decr sensa?"
fix,a2e476d460cd8266b,claude-haiku-4-5-20251001,l3_generation,3,2302,12950,15255,211,"U r d vice pres of pub rels 4 a corp dat produces a well-known brand of food prods. In d Albany, New York, mkt, one of ur prods has recently bn found 2 hav sum contamn. While appnly not fatal, it has given a large num of consumers severe stomach cramps n other intestl probs. D cause has bn traced back 2 ur prod, wch is sold throut d nation. Ur CEO wants 2 kno wut u wud advise 2 keep d situtn frm becoming a pub rels disastr. Wut shud u recommend?"
fix,a55abdcec1ed6abcb,claude-haiku-4-5-20251001,l3_generation,3,15223,0,15226,203,"U bought a limo 4 $98,000 n r plnng 2 rent it 4 wdngs, crmnys n prtys at $245 per hour. If u estim d car will b hired 4 2 hours a day on avge, w/ dly costs at abt $50, wut is d estim yerly yield on ur invst if u work all year round, i.e. evry day of d year, inclg any festv n wknds?"
fix,a55b4e90af6a44919,claude-haiku-4-5-20251001,l3_generation,3,2192,12950,15145,429,Natursts who concntrd on natrl elmnts n procss r assoc w/ wch of d folwng?
fix,a5d8aa8ee6b857429,claude-haiku-4-5-20251001,l3_generation,3,2311,12950,15264,489,"A 25-yr-old grav 3 para 2 fem is admtd 2 d hosp at 39 wks' gesta in actv labor. She had bn havg regr contras every 4 mins, but is now havg only a few intermt, weak contras. She has recvd med 4 pain twice in d past 6 hrs. Exam shows no resn 4 obstrd labor. D fetal head is engagd, d membs r intact, d fetal heart tones r norm, n d cerv is 100% effcd n 7 cm dilad. D most likely diagn is"
fix,a660980ada4a15ffd,claude-haiku-4-5-20251001,l3_generation,3,2184,12950,15137,257,"Accding 2 Piaget, childrn r ___________."
fix,a6b02105d1e380558,claude-haiku-4-5-20251001,l3_generation,3,15141,0,15144,372,Wch one of d fllwng is d most approp defn of a 99% confdn intrvl?
fix,a6bd87882168d80b5,claude-haiku-4-5-20251001,l3_generation,3,15243,0,15246,227,"Idnty d concln of d folwng argmt. It is hard not 2 verify in our peers d same weaknd intlce due 2 emtns dat we obsrv in our evday ptns. D arrgnce of our consns, wch in genrl, blngs 2 d strongst defns mechs, blocks d uncnsc cmplxs. Bc of dis, it is diffclt 2 convnc ppl of d uncnsc, n in turn 2 teach dem wut dere consns knowldg contrdcts. (Sigmnd Freud, D Orgn n Devlpmt of Psychnlys)"
fix,a71c90ec727d74e1f,claude-haiku-4-5-20251001,l3_generation,3,15182,0,15185,483,"Let k b d nmbr of real solns of d eqn e^x + x - 2 = 0 in d intl [0, 1], n let n b d nmbr of real solns dat r not in [0, 1]. Wch of d fllwg is true?"
fix,a885c760a826f1269,claude-haiku-4-5-20251001,l3_generation,3,15128,0,15131,183,London disp frcs r casd by
fix,a8929a59dd78112a8,claude-haiku-4-5-20251001,l3_generation,3,15129,0,15132,386,Nearsightdness rslts frm
fix,a8fba6abc3b88ad7c,claude-haiku-4-5-20251001,l3_generation,3,15171,0,15174,457,"such as bitcoin r becoming incrsngly mainstm n hav a whole host of assoc ethical implctns, 4 ex, they are______ n mor ______. Hwevr, they hav also bn used 2 engage in _______."
fix,a9873e09b345baf96,claude-sonnet-4-6,other,1,12470,39151,51622,26792,
fix,aaa5228ed18abf958,claude-haiku-4-5-20251001,l3_generation,3,15241,0,15244,228,"Assum dat a TLS conn has bn estab succs btwn a clnt n a srvr. Estab d sesn incl chkg d srvr cert n exct a DiffieHelmann exch, but d clnt did not prov a clnt cert. Furth, assum dat d clnt n srvr r honst, dat d clnt n srvr don't leak dere keys, n dat d crypt is gud. Wch of d followg attks does TLS protc agst? 1. An attck replY bytes dat a clnt sent earli. 2. An attck impers d srvr."
fix,aaf9f52130c3ebec4,claude-haiku-4-5-20251001,l3_generation,3,2189,12950,15142,345,Wch of d fllwg stmnts exprs a reltn btwn aging n sexual fnctnng
fix,ab286cb04a4ce1176,claude-haiku-4-5-20251001,l3_generation,3,15138,0,15141,388,Wch State ordnrly exerss jurisd in respct of crmes commtd on brd vssls?
fix,acad2ba71c964ce55,claude-sonnet-4-6,other,1,345,46413,46759,9,
fix,adeac8d5f815ccacc,claude-haiku-4-5-20251001,l3_generation,3,15335,0,15338,614,"One aftrnoon, a pilot was flying a small airplane wen it sudnly ran out of gas. As he was coming in 4 an emgncy lndng, d plane crssed into a neighbrng state at a v low altde. At dis time, a 9-year-old boy was wlkg 2 school wen he was strck n injrd by an objct, wch may hav falln frm d plane. In fedrl court, a neglgnc suit was brght agnst d pilot by d father of d boy 4 his son. Accmpnd by his father, d boy had vstd an attny 4 prelim discns regrdng d case. However, d father did not retn d attny 2 reprsnt his son in d lwsut. Instd, d father hired anthr lawyer 2 hndl d case. At tril, d pilot's attny calls d consltng attny 2 testfy wut d boy had said 2 him regrdng his physl condn drng d conslttn dat d attny had had w/ d boy n his father. D attny's testmny is"
fix,ae871de1bb9303fde,claude-haiku-4-5-20251001,l3_generation,3,2178,12950,15131,175,Mass-soc thy sugsts dat:
fix,ae946cde56488d89d,claude-haiku-4-5-20251001,l3_generation,3,15229,0,15232,560,"Dis q refers 2 d foll info. Red d foll quot 2 ans qs. D var modes of wrshp wch prevld in d Roman wrld wer all consid by d ppl as eqly true; by d philo as eqly false; n by d magstr as eqly usfl. Edward Gibbon, D Decln n Fall of d Roman Emp, 1776–1788 Gibbon's interp of d state of relig wrshp in ancnt Rome cud b summd as"
